,Occurrance,Frequency
0,CARD,2923
1,X,7314
2,ILLUS,4155
3,COL,3655
4,ILLU,4
5,FOLDER,1922
6,BROADSIDE,1218
7,BOOKLET,780
8,ILL,667
9,FOL,21
10,x,11427
11,BROADSHEET,562
12,HOTEL,61
13,EMBLEM,167
14,BORDER,38
15,L,2
16,SEAL,4
17,GOLD,23
18,TRIM,52
19,BOOLET,1
20,CARE,2
21,CO,2
22,COK,1
23,DECORATION,4
24,FLAG,22
25,OF,17
26,BROADSIDES,1
27,COVER,47
28,JAPANESE,16
29,CHILDREN,9
30,IN,21
31,COLOR,56
32,CLUB,4
33,S,1
34,PAGES,5
35,O,3
36,ENGRAVED,10
37,EMBLRM,1
38,SCENES,1
39,LLUS,2
40,ILLLUS,3
41,JOINED,11
42,BY,11
43,RIBBON,48
44,FIGURE,1
45,BOKLET,1
46,SILVER,4
47,ON,19
48,EACH,1
49,PAGE,8
50,in,243
51,EVERY,1
52,CIL,1
53,BROADIDE,4
54,AMERICAN,1
55,RED,7
56,WHITE,3
57,BLUE,2
58,NAUTICAL,1
59,ILUS,2
60,GIRL,1
61,SCENE,1
62,FOFLDER,1
63,OLDER,1
64,PHOTOGRAPH,7
65,BACK,5
66,PHOTO,10
67,ILLS,3
68,BROAADSIDE,1
69,ILLUST,1
70,COUNTRY,2
71,WARRIOR,1
72,COLL,2
73,Foldout,1
74,by,2
75,broadside,38
76,BUFF,1
77,ILLUSTRATION,1
78,BOOK,3
79,HANDWRITTEN,5
80,BOKKLET,1
81,ILLIS,2
82,CARDS,10
83,YELLOW,1
84,TWO,4
85,CORD,1
86,MENU,4
87,FRENCH,2
88,GREEN,2
89,FABRIC,1
90,BOLDER,1
91,IS,1
92,SILK,6
93,FROADSIDE,1
94,C,1
95,FOLDED,1
96,SHEET,4
97,FILDER,1
98,ENCLOSED,1
99,INVITATION,1
100,REPLICA,1
101,FRATERNITY,1
102,PLACE,1
103,ATTACHED,1
104,HARD,1
105,PRINTING,3
106,INSERT,3
107,BROADEIDE,1
108,PINK,2
109,XII,1
110,SINGLE,3
111,HEAVY,1
112,STOCK,2
113,BOOKLRY,1
114,ENBLEM,1
115,PAMPHLET,1
116,D,1
117,CAD,1
118,COLORED,2
119,FOLFER,1
120,PHOTOGRAPHS,2
121,ULLUS,1
122,BOOKLE,1
123,DROADSHEET,2
124,TABLE,1
125,PLAN,1
126,Handwritten,1
127,Broadside,29
128,WINE,1
129,CAARD,1
130,PRES,1
131,one,3
132,sheet,1
133,CALENDAR,1
134,ATACHED,1
135,FOLDERP,1
136,SHAPE,1
137,MAP,1
138,PAPER,1
139,APPROX,1
140,SEPARATE,1
141,RIBBONS,2
142,PRINTED,2
143,BOTH,1
144,SIDES,1
145,FORM,1
146,TREE,1
147,LOCOMOTIVE,1
148,DECORATED,1
149,PHOTOS,1
150,SCALLOPED,1
151,EDGE,1
152,FOLDR,2
153,ILLUSLCOL,1
154,AND,2
155,PRINT,1
156,ILLUSTRATED,1
157,ALL,1
158,ITEMS,1
159,TYPED,1
160,folder,99
161,GREY,1
162,ROYAL,1
163,ILLUSTRED,1
164,ILLUA,1
165,FOLDERL,1
166,FRONT,1
167,BLACK,1
168,CIOL,1
169,THREE,1
170,TOASTS,1
171,DOUBLE,1
172,CL,1
173,HPTEL,1
174,GUEST,1
175,STRIPED,1
176,BANK,1
177,CIRCULAR,1
178,US,1
179,SEEM,1
180,TO,1
181,BE,1
182,HAND,1
183,PAINTED,1
184,HATEL,1
185,COLO,1
186,Booklet,177
187,inches,757
188,Folder,312
189,Folded,2
190,set,1
191,of,4
192,postcards,1
193,folded,4108
194,extended,1
195,Tri,55
196,fold,215
197,unfolded,9
198,Card,21
199,laminated,69
200,pages,11
201,Paper,17
202,clear,2
203,plastic,17
204,sleeves,9
205,with,38
206,paper,61
207,inserted,2
208,Plastic,5
209,sleeve,7
210,insert,23
211,Newspaper,2
212,rounded,2
213,at,4
214,top,5
215,Accordian,3
216,shape,1
217,cut,1
218,out,2
219,cover,37
220,is,14
221,interior,4
222,opens,4
223,horizontally,2
224,tied,10
225,maroon,3
226,cord,42
227,black,6
228,throughout,2
229,front,3
230,tri,4
231,back,1
232,brown,3
233,and,15
234,gold,15
235,silver,4
236,inside,4
237,outside,1
238,Tiered,1
239,layered,1
240,its,1
241,biggest,1
242,shirt,1
243,shaped,5
244,white,1
245,red,3
246,covers,6
247,glossy,4
248,incnes,1
249,Laminated,2
250,inner,2
251,hard,2
252,a,12
253,green,2
254,faux,2
255,velvet,3
256,Two,1
257,folders,4
258,outer,1
259,pieces,8
260,are,1
261,Inches,2
262,book,2
263,style,1
264,menu,2
265,containing,1
266,eight,1
267,vellum,2
268,onion,1
269,approx,3
270,broadsides,1
271,blue,3
272,wooden,1
273,card,5
274,inserts,6
275,pink,3
276,an,1
277,orange,1
278,two,2
279,identical,1
280,packets,1
281,held,1
282,together,1
283,clip,1
284,to,2
285,look,1
286,like,4
287,hat,1
288,bound,3
289,painter,1
290,s,1
291,pallet,1
292,panels,1
293,folds,2
294,exterior,1
295,booklet,3
296,wood,1
297,placemat,2
298,Placemat,1
299,cloth,1
300,pamphlet,1
301,ill,154
302,col,42
303,p,4
304,photocopy,12
305,ink,4
306,markings,4
307,crease,9
308,length,4
309,wise,12
310,binding,6
311,missing,1
312,metal,12
313,fastners,5
314,food,3
315,stains,9
316,creased,10
317,water,13
318,stain,11
319,bottom,9
320,left,5
321,right,13
322,corners,1
323,coffee,1
324,center,18
325,trifolder,1
326,uneven,7
327,seam,5
328,fuzzy,1
329,corner,10
330,edge,4
331,letterhead,6
332,fastener,4
333,upper,11
334,bent,5
335,fastner,3
336,quarters,5
337,rust,1
338,tracings,2
339,hole,1
340,botton,1
341,elastic,2
342,soot,1
343,page,2
344,pencil,2
345,middle,1
346,ribbon,1
347,width,7
348,along,1
349,edges,1
350,inhes,1
351,accordian,1
352,sticker,1
353,door,2
354,knob,2
355,sign,2
356,copies,2
357,cracked,1
358,tear,1
359,verso,2
360,handle,1
361,acrylic,1
362,cracking,1
363,dishes,1
364,tears,1
365,embossed,1
366,dog,1
367,eared,1
368,lenght,1
369,worn,1
370,recto,1
371,tip,1
372,illustration,1
373,adhesive,1
374,residue,1
375,copy,4
376,both,1
377,UNUSUAL,1
378,LIKE,1
379,A,1
380,CERTIFICATE,1
381,Pamphlet,1
382,cm,10265
383,open,3981
384,measures,3
385,co,1
386,eng,1
387,alternate,1
388,language,1
389,ripped,1
390,half,1
391,Wine,1
392,list,1
393,Menu,1
394,measure,1
395,xm,2
396,opn,1
397,c,4
398,digitize,3
399,m,1
400,nd,1
401,piece,1
402,opeen,1
403,xx,5
404,cmf,1
405,high,1
406,do,1
407,NOT,1
408,force,1
409,part,1
410,B,1
411,contains,1
412,map,2
413,opened,55
414,cmx,1
415,fre,1
416,4.75X7.5,19
417,7.0X9.0,1
418,5.5X8.0,8
419,5.5X7.5,44
420,4.75X7.25,17
421,6.0X8.75,1
422,5.5X8.50,2
423,4.25X5.5,4
424,5.5X7.0,12
425,6X9.5,31
426,6X9.25,20
427,5.5X8.5,141
428,4.5X7,151
429,4.25X6.25,46
430,4.5X6.5,84
431,4.5 X 7,143
432,3.25 X 8.5,1
433,6 X 9,35
434,5 X 7.25,25
435,4 X 5.5,15
436,4.5 X 8,16
437,4.5 X 6.25,10
438,5 X 6.25,9
439,4.5 X 6.5,47
440,4.25 X 6.5,37
441,5 X 7,79
442,4X6.5,26
443,4.25X6.5,72
444,4.75 x 7.25,1
445,4 X 6.25,51
446,7 X 11.75,2
447,8.25 X 14,1
448,7 X 11,45
449,4.5 X 7.5,36
450,5 X 8,146
451,6.5 X 9,13
452,3.5 X 5,13
453,4.25 X 11.75,1
454,6 X 7.5,9
455,7.25X11.5,1
456,3.5X7.25,1
457,4.25X3.5,1
458,3X3.75,1
459,6.25X9,9
460,4X7.5,26
461,5.5X10,4
462,3X4.5,5
463,5X8,276
464,5.25X7.75,15
465,5.75X7.5,9
466,4.25X6.0,1
467,8.5 X 12,1
468,4.5 X 10.75,2
469,7.5X7.5,1
470,5.5X7,114
471,5.5 X 8,118
472,4.25 X 6.75,13
473,5.5 X 8.5,107
474,4.5X7.5,39
475,4.5X7.0,11
476,6.5X9.5,4
477,5.5X8.75,21
478,7X9.5,3
479,3.25X6.25,3
480,4.75X7.75,6
481,10X7,2
482,5.5 X 8.75,7
483,4.5 X 10.5,2
484,6.5 X 11,8
485,3.75 X 6,26
486,5.5X7.75,66
487,5.5X6.75,23
488,10.5X9.5,16
489,4.5X6.75,68
490,6.5 X 7.75,127
491,5.5X8,95
492,3X5,11
493,5.25X8.25,35
494,4.5X7.25,56
495,4.75X8.25,2
496,6.25X10.5,2
497,5.75X8.75,71
498,5.0X8.0,25
499,5.0X8.5,1
500,3.25X5.25,4
501,5X8.25,11
502,7X12.25,1
503,4.25X7,26
504,4X6.25,42
505,5X7,82
506,7X11,40
507,4X7,18
508,75X7.25,1
509,5.5X8.25,79
510,5.25X8.5,12
511,4 X 6,34
512,6.5X10,9
513,4.25X6.75,22
514,9X7,9
515,5.5X9,7
516,6.25X8.75,2
517,6.25X10,4
518,5.25X7.5,96
519,8X10.5,2
520,5.5X9.5,7
521,5.25X7.25,7
522,5.5X4,3
523,4X5.5,14
524,3.75X6,28
525,3.75X6.0,2
526,6.5X10.0,2
527,5.5X9.0,7
528,6X12,1
529,6.75X10,3
530,4.5X5.75,6
531,5 X 6.5,14
532,6 X 9.75,6
533,6 X 9.5,15
534,7X13,1
535,5.5 X 7.25,11
536,4 X 7.25,9
537,5.25 X 6.75,6
538,6 X 10,12
539,6 X 9.25,14
540,6.75 X 11,6
541,6.25 X 9.25,14
542,5.5 X 8.25,83
543,3.75 X 8.25,1
544,6.25 X 10,2
545,5.25 X 7.5,53
546,5.5 X 7.5,26
547,6.25X9.25,9
548,5.5X7.25,23
549,6.75X11.0,2
550,6.0X9.5,4
551,6.25X9.5,5
552,4.25X7.0,3
553,6X11,5
554,5X7.25,31
555,6.5X9,5
556,6.5 X 9.75,5
557,4.5 X 7.25,79
558,5.5 X 7,119
559,4X6.75,9
560,6.75 X 9.5,1
561,5.5 X 7.75,61
562,6.5 X 10.5,12
563,6.5 X 9.5,9
564,7 X 10,12
565,5.25 X 7,31
566,3.5 X 4.75,7
567,4.25 X 7,22
568,6X8.5,16
569,6.25X9.75,3
570,3 X 9.5,1
571,5.75X6.5,9
572,6.5X8.75,16
573,5.25X7,26
574,5 X 7.5,41
575,5.75 X 9,7
576,4.25 X 7.5,3
577,4.75 X 6.75,4
578,5.25 X 7.75,46
579,4.5X9,3
580,5.5X11,2
581,6X10.75,2
582,25X7,1
583,4.5X6,20
584,5.25X8,108
585,"3,5X7",1
586,3.75X7,7
587,3.0X3.0,1
588,4.75X6.75,15
589,5.5X6.5,14
590,4.5X6.25,22
591,5X7.5,63
592,4X8,3
593,10.75X13,1
594,6.0X10.0,1
595,4.25X8.0,1
596,4.5X8.75,15
597,6.75X8.25,2
598,3.5 X 5.75,5
599,3.5 X 9.5,1
600,8 X 10,7
601,3.5X4.5,7
602,3.25X5,22
603,4.75X7.0,1
604,6.0X8.0,3
605,4.75 X 6.25,3
606,3.25 X 6.75,1
607,5.5 X 11,4
608,3 X 6,4
609,5.25 X 8.5,17
610,8 X 11,5
611,7.0X11.0,14
612,4.25X6,17
613,5.25 X 6.25,2
614,5 X 8.5,7
615,6X10,11
616,4.0X12.5,1
617,6.0X9.0,1
618,4X9,4
619,7X12,2
620,6X7.5,3
621,6.75X7.0,1
622,5.25 X 9.75,3
623,4 X 7,13
624,4.5X8.0,5
625,5.75X7.25,6
626,3.5X4.75,2
627,4.0X7.5,1
628,5.0X10.0,1
629,4.75 X 7,37
630,5.25 X 8.75,4
631,3.75X5.75,5
632,5.5X9.75,4
633,3.75X5.5,9
634,5.75X10.25,1
635,4 X 5.75,7
636,10 X 9.5,10
637,5 X 9.5,3
638,5X8.5,6
639,5X6.5,23
640,4.75X6.25,6
641,3.5X6.25,2
642,5.5X9.25,5
643,5.5 X 9.25,8
644,"5,25 X 7",1
645,5.75 X 7.5,6
646,5 X 9,43
647,3.25 X 6.5,2
648,3.25 X 5.25,3
649,3 X 7.75,7
650,5.25 X 8,28
651,4.75X6.5,9
652,6.25X8,5
653,6X7.75,9
654,6X11.75,1
655,4.5X3.25,1
656,4.5 X 7.75,10
657,5.5 X 9,20
658,5.75X7.75,5
659,6.5 X 9.25,3
660,6.25 X 9,7
661,6 X 8,38
662,6.5X10.5,6
663,4.75 X 7.25,18
664,4.25 X 6.25,21
665,5.25 X 9,1
666,3.5X7.75,1
667,6.75X10.5,7
668,5.75X8.5,19
669,4.5X5.5,12
670,4X7.25,8
671,3.25X5.5,4
672,5 X 7.75,8
673,5X7.75,14
674,3.5X5.75,10
675,7X9.75,4
676,6.5X11,3
677,4.5 X 5.75,9
678,4.75 X 6.5,18
679,6.75X9.75,2
680,6 X 10.5,1
681,5.5 X 9.5,9
682,6.25 X 10.75,3
683,4X6,51
684,3.5X5.5,10
685,3.25X5.75,3
686,6 X 10.25,3
687,7 X 6,2
688,4.25X8,2
689,10.25 X 9.5,44
690,5.5X8.8,8
691,5X6,12
692,7.5X12.5,1
693,7X11.5,2
694,4.5 X 6.75,48
695,5.0X6.25,1
696,4.75X6,13
697,8.5 X 13,1
698,10.75X9,2
699,6.75X11,2
700,6.5X8.5,5
701,6.25 X 13,1
702,6.75 X 10.75,1
703,3.5X9.25,2
704,4X5,9
705,5.5X6.6,7
706,6.5X6.5,1
707,4.75 X 6,7
708,6 X 11,4
709,10 X 9.25,1
710,6 X 6.75,4
711,4.5 X 8.75,2
712,4.25 X 8,2
713,4.5X5.25,3
714,7.75X11.25,1
715,6 x 9.75,1
716,6X9,42
717,5 X 6,7
718,3.75 X 8.75,1
719,10.5 X 9.25,3
720,10.25 X 9.75,1
721,8.25 X 13.25,1
722,6.25 X 10.5,3
723,3X4.25,1
724,4 X 6.75,2
725,5.25 X 4.25,1
726,5.25X6.25,4
727,6.75X8.75,1
728,5.0X7.0,2
729,5X6.75,9
730,8 X 14,2
731,4.25 X 7.75,1
732,5.5 X 6.5,14
733,3.5 X 5.5,12
734,7X9,7
735,5.0X6.0,2
736,7.25X12.75,3
737,7X10,9
738,4.25X8.50,3
739,6.25X10.75,8
740,9X11.5,1
741,3.5X6.0,1
742,8.5X10,1
743,6.5X12.0,1
744,3.75X6.75,2
745,4.5X4.5,2
746,10.5X10,1
747,5.25 X 7.25,17
748,3.5X6.5,5
749,5.75 X 6,1
750,3.75 X 5.25,6
751,5.75 X 8.25,3
752,3.75 X 5.76,1
753,5.25 X 6.5,6
754,5.25 X 8.25,34
755,5.25 x 8.25,2
756,8X10,5
757,8X9.75,1
758,5.25X6.75,12
759,6X8,35
760,3.25X6,2
761,9 X 11.5,1
762,6.5X14,1
763,5.75X9.25,2
764,8.5X11.75,1
765,14.5 X 11,1
766,4 X 6.5,17
767,7X7.75,1
768,3.5 X 6,8
769,4.5 X 6,11
770,5.5 X 6.75,7
771,4X5.75,10
772,6.5 X 7.5,3
773,6 X 10.75,1
774,3.5 X 6.75,3
775,7 X 11.25,5
776,4X75,1
777,11X8.5,3
778,5.35 X 7.25,1
779,5.5 X8.25,1
780,4 X 4.5,1
781,3.25 X 4.5,5
782,4 X 8,3
783,4.5 X 9.5,1
784,4.75X7,17
785,5.75X9,6
786,3.5X5,17
787,10.25X7.5,1
788,5X9,26
789,3.75 X 5.75,6
790,3.75 X 7,3
791,6 X 7.25,4
792,4 X 7.5,52
793,4X9.75,1
794,6.75X12,3
795,4.25X7.5,2
796,5 X 4.5,1
797,5.5 X 10,4
798,5 X 8.25,5
799,8.75 X 12.5,2
800,3.5X5.25,6
801,5 X 9.25,1
802,5.25 X 7.50,4
803,6.5X9.75,2
804,6.0X9.25,8
805,10.5 X 9.5,11
806,6.25 X 7.75,6
807,"5,5 X 8.5",1
808,4.0X6.25,13
809,"4,5X7.25",1
810,7X10.5,3
811,6.25X7.75,11
812,10.25X9.5,8
813,7.75X12,3
814,5.75 X 8,15
815,3.25X4.75,2
816,9X6.75,1
817,5.5X6.25,7
818,3.5X6,9
819,9 X 7,4
820,5.25 X7.5,1
821,3 X 4.25,2
822,4.75 X 7.5,9
823,6.5 X 8.75,3
824,9 X 6.75,1
825,4.5 X 9,5
826,5.5 X7,1
827,3 X 4,1
828,4 X 8.25,2
829,6.5X9.25,4
830,"5,25X8",1
831,4.25 X 5.25,3
832,3.5X9,3
833,4.5X8,7
834,25 X 7.75,1
835,5X5.75,3
836,10.5 X 9,2
837,5.0X7.25,2
838,5.0X7.75,1
839,10.75 X 8.5,1
840,5.75X6.25,1
841,4.5X9.0,3
842,5.75 X 8.5,4
843,4.5 X 5.5,7
844,5.25X8.0,17
845,4X8.25,3
846,8X10.75,1
847,3.25X4.5,3
848,8X8.75,1
849,9X14.75,1
850,8.75X12.75,9
851,8.5 X 11.25,3
852,5.25X9,1
853,8.5X13,1
854,4.5X9.25,3
855,3X6,3
856,7.5X11,2
857,3.25 X 4.25,3
858,7.6X10,2
859,3.75 X 4.5,1
860,5.50 X 9.25,1
861,6.5 X 8.25,3
862,4.75X9,9
863,4.6X6.6,5
864,5.5X5.5,3
865,5X8.75,5
866,7.5X5.5,1
867,3 X 5,1
868,9.5X6.75,1
869,8 X 5.5,2
870,2.25X3.5,1
871,4X5.6,2
872,2.75 X 4.5,2
873,5.2X8.7,1
874,4 X 5,6
875,6.25X9.6,3
876,3.6X6.75,2
877,3.75 X 7.25,1
878,6.25 X 7.5,1
879,6 X 8.75,3
880,8.25X11,2
881,7X8.75,2
882,3.5X7,6
883,6.5X7.75,1
884,3 X 5.25,3
885,6.25 X 5,1
886,3 X 7.5,1
887,5 X 6.75,7
888,4.25 x 6.25,2
889,6.5 X9.25,1
890,9 X 10.5,1
891,6.5 X 8.5,3
892,2.5X4,1
893,5X9.2,1
894,7 X 10.25,3
895,6.75 X 9,3
896,7X5,2
897,4.75 X 8,10
898,7.75X10,2
899,4X8.75,1
900,7 X 9,6
901,7.75X12.0,1
902,5 x 8,4
903,4.6X7.6,1
904,7X5.5,3
905,7.5 X 11,2
906,6.825X10.5,2
907,5X6.25,10
908,8.5 X 9.25,1
909,5.75X9.0,1
910,8.6X14,1
911,3.75X7.5,17
912,7.25X9,1
913,2.75X4.5,1
914,4.5 X 8.25,4
915,5.75 X 10.5,1
916,6X 9.25,1
917,6 X 8.5,5
918,6 x 7,2
919,5.75 X 9.5,1
920,15 X 9.5,1
921,4.75 X 8.5,1
922,4.25 X 6,8
923,7.5X14,1
924,6.25X11,3
925,4X8.5,2
926,4 X 9.25,2
927,5.6X10.25,1
928,4.5X7.2,1
929,4X41,1
930,5.75 X 9.25,3
931,3.5 X 5.25,7
932,3.6X5.75,1
933,5X5.5,3
934,5.75X8,2
935,6.6X8.6,2
936,6.5X8,3
937,4.25 X 9,1
938,7 x 11,4
939,3.5 X 4.5,6
940,12 X 15,1
941,5.5X3.5,1
942,7.25 X 9.5,1
943,8.25 X 11.5,1
944,3.5 X 4,2
945,5.75X7,2
946,4.5 X  6,1
947,3X4,1
948,5.0X6.5,1
949,5.50X6.75,1
950,6.25X5,2
951,6.75X10.75,4
952,5.6X7,10
953,7 X 14,1
954,5.75 X 9.75,2
955,4.25X5.75,6
956,5.6X8,6
957,2.5X6,1
958,5.0X8.25,6
959,6.5 X 8,5
960,4.75X5.5,3
961,5.6X6.6,7
962,6.5 X 6,1
963,9.5X12.5,2
964,9X6,1
965,5.25X6.5,5
966,9.5 X 9.75,1
967,7X9.25,3
968,8.5 X 5,1
969,3.24X5.5,1
970,5.75 X 7.75,2
971,3.25 X 5.75,1
972,7.25X11.25,2
973,5.6X7.75,1
974,24X6.5,1
975,8X9,1
976,7.75 X 10,1
977,6.75X9,4
978,5.25X 8.5,1
979,5X4,2
980,7 X 8.25,1
981,3 X 8,1
982,4.25 X 8.5,2
983,4X7.75,1
984,3.5 X 8.25,1
985,6X7.25,1
986,7.25X4.75,2
987,8X6,8
988,5 X8,1
989,3.6X7.25,2
990,7 X 5,2
991,6X5.25,1
992,6X7,9
993,4.5X10,1
994,9X13.5,1
995,7 X 10.5,2
996,5 x 7.5,3
997,3.5 X 7,4
998,6.5X5.25,1
999,1  x 7,1
1000,6.25 X 8.5,4
1001,5.5 x 8.5,4
1002,7X6,1
1003,8.75X11.5,1
1004,5.25X9.5,2
1005,12X8,1
1006,8.5X11,3
1007,8.75 X 12.25,1
1008,8X10.25,3
1009,10.5 X 8.5,2
1010,3.6X6.25,2
1011,8X11,2
1012,4.25 X 4.75,1
1013,4.50 x 6.50,1
1014,4.25 X 5.5,4
1015,6.5X3.5,1
1016,6X8.75,5
1017,3.25 X 7.5,1
1018,8.6X10.6,1
1019,7X5.25,1
1020,7.75X13.5,2
1021,10.25 X 8.25,1
1022,7 X 9.75,1
1023,3.5X5.0,1
1024,5.75 X 3.75,1
1025,3.5X8.25,2
1026,2X6,2
1027,3.6X5,5
1028,6.6X10,1
1029,3.75 x 9.75,1
1030,3X6.5,1
1031,5.5 X 7.0,1
1032,5.6X11,2
1033,5 x 6.5,2
1034,7.5X9,2
1035,7 X 12,4
1036,6.25 X 7,2
1037,5.2X7,1
1038,3 X 8.75,1
1039,7.5X11.25,1
1040,5 x 7.25,3
1041,6.5 X 12.5,3
1042,5X9.5,2
1043,7 X 11.5,1
1044,7.25X7.5,1
1045,8.25X8.5,1
1046,9 X 12.75,1
1047,7.0X11.125,3
1048,3.75X8,5
1049,4 x 6,4
1050,7.5 X 12.75,1
1051,4.6X8,1
1052,6X6,1
1053,3.5X4.25,2
1054,4.6X7.25,1
1055,7.25X10.75,1
1056,9.5 X 6,1
1057,3.75X6.5,3
1058,6.5 X 10,7
1059,6 X 8.25,5
1060,8.6X8.6,1
1061,5.25 x 6.25,1
1062,4.75 X 6.0,3
1063,3.75 X 5,2
1064,"5,25X8.75",14
1065,4.5 X 9.75,1
1066,7X7,3
1067,4.6X7,3
1068,4X5.25,4
1069,3.75X5,4
1070,4.5 x 7,5
1071,"5,5 X 7",1
1072,7.75 X 12.5,2
1073,7.50 X 5.75,1
1074,6.25X7,1
1075,5X10.5,1
1076,6.75X9.0,6
1077,3X9.25,1
1078,4.4 X 9,1
1079,4.25 X 5.75,1
1080,4 X 5.25,2
1081,5.75 x 9,1
1082,3.6X5.6,2
1083,7.5X11.5,1
1084,6 X 5,1
1085,5 X 6.50,1
1086,5.5X4.5,2
1087,3.5X2.5,1
1088,4.25X8.5,2
1089,25 X 7.5,1
1090,3.6X5.25,2
1091,6.5 X 10.25,3
1092,5.25X8.75,5
1093,5.25X3.5,1
1094,5.75X9.75,1
1095,6 x 7.50,1
1096,3.75 X 8,1
1097,8.75X12.625,1
1098,4.5X9.75,2
1099,9X14,1
1100,4.5  X 6.5,1
1101,5.25 X 4.5,1
1102,3.25X5.0,2
1103,4X9.5,1
1104,5.5 X 11.5,1
1105,6X8.6,2
1106,6.25X10.0,1
1107,8.5X10.75,2
1108,7X10.75,2
1109,6 X 6,4
1110,6.6X12,2
1111,7.5 X 5.5,1
1112,2.75X5.75,1
1113,3.75X9.25,1
1114,6.5 X 6.75,1
1115,5.75X9.5,4
1116,"4,5X7.5",1
1117,5.50 x 7.25,1
1118,10X14,2
1119,6.75X4.25,2
1120,5.5 X 4.5,2
1121,7X8.5,2
1122,4.75X8,1
1123,4.25X6.6,2
1124,5.5x7,1
1125,3 X 5.5,1
1126,3.75 X 5.5,3
1127,3.6X6,1
1128,7.5 X 10,2
1129,5 x 7.75,1
1130,6 X 7,4
1131,5.75 X 8.75,4
1132,7.25X10,2
1133,4.0X6.375,1
1134,6.6X8,1
1135,5.5 X 6,1
1136,4X11.25,2
1137,3.25X11,1
1138,3.75 X 7.5,1
1139,6X9.75,3
1140,3.25 x 5.50,1
1141,3X7,1
1142,5.25 X 7.35,1
1143,6 X 4,2
1144,5.75 X 10,1
1145,7.5 X  9.75,1
1146,5X7.6,2
1147,5 X 8.75,1
1148,4.5 x 6,3
1149,6.75X2.75,1
1150,5 X 3.75,1
1151,7.5 X 5.75,2
1152,4.6X6.25,3
1153,4.4 X 6.25,1
1154,9.25X4.5,1
1155,8.5 X 11,5
1156,2X7,3
1157,4.25X7.75,3
1158,4.5X7.75,3
1159,5X9.25,2
1160,5 X 5,3
1161,5 X 5.5,5
1162,6.25 X 9.5,7
1163,4X4.75,2
1164,3.25 X 5.5,1
1165,"5X6,75",1
1166,7.25 x 10,2
1167,4.5X9.5,3
1168,7 X 9.25,6
1169,6.5X4.25,1
1170,6.75X11.25,2
1171,4.5X5,1
1172,7.25X9.25,2
1173,6.0X10.75,1
1174,7.0X10.75,1
1175,6X6.75,1
1176,7.5X5,1
1177,4.25 X 10.25,1
1178,5.5X5,1
1179,5.75X8.15,2
1180,4.25X7.25,4
1181,3.5 X4.5,1
1182,7.75 X 12,2
1183,7 X 9.5,3
1184,7 X5.5,1
1185,4.50 x 6.25,1
1186,9X12,1
1187,"6,25 X 7,75",1
1188,8 X 10.25,1
1189,3 X 4.5,3
1190,8.5 x 11,20
1191,8.25X9.5,1
1192,10 X 14,1
1193,8.5 X 10.5,1
1194,8 X 6,2
1195,5.5 X 4.25,3
1196,3.5 X 9,2
1197,7X4.5,2
1198,6.5X5,1
1199,6.75 X 8.5,1
1200,8 X 19,1
1201,5.825X8.75,1
1202,4.6X6,2
1203,3.5 X 3.5,1
1204,3.75X7.25,2
1205,"4,25 X 6.5",1
1206,4.50 X 6.75,1
1207,6 X 7.75,1
1208,4.50 x 7,2
1209,3.25 x 5.25,1
1210,9.75X13,1
1211,3.5 X 7.75,1
1212,6.0X8.5,3
1213,3.75X5.25,2
1214,3.25X13,1
1215,7.75X11.5,1
1216,8.5X6.5,1
1217,9.25X12.5,1
1218,4.50 X 9,1
1219,7 X 8.5,3
1220,3.5X6.75,1
1221,6X6.5,3
1222,12X16,1
1223,4.25 X 7.25,2
1224,8.75X12,1
1225,3 X 11,2
1226,5.7X8.7,1
1227,3.5 X 6.5,2
1228,4.75X5.75,2
1229,6.0X11.0,2
1230,4.25X4.75,1
1231,6.5 x 8.5,2
1232,3.5X10,1
1233,8.6X10.25,1
1234,5.6X8.6,1
1235,7.5X10,1
1236,8.5X12.5,1
1237,7.0X12.0,1
1238,4.4 X 6,1
1239,3.50 x 3.25,1
1240,7X14,1
1241,6.75X10.0,1
1242,9 X 13,1
1243,7 X 10.75,3
1244,4.75X10,1
1245,8 X 11.5,1
1246,7.5 X 10.25,1
1247,8.5X10.5,1
1248,6.5X 10.25,1
1249,4.50X7,1
1250,7.25X5.5,1
1251,7.25 X 12.25,1
1252,"7 X 5,25",1
1253,6.25 X 8,3
1254,3.75 x 6,2
1255,8.5 X 6.25,1
1256,4.25X10,1
1257,5.25 X 9.5,1
1258,8.25 X 6.5,2
1259,5X2.5,1
1260,9.5X7,1
1261,10X12.5,1
1262,3.25 X 7,1
1263,6.75X10.25,2
1264,3 X 5.75,1
1265,3.5 x 6.5,1
1266,5.75 X 7,2
1267,6 x 9.25,2
1268,8 X 12,1
1269,6.75 X 10,3
1270,5.5 X 10.75,1
1271,2.5 X 4,1
1272,4 X 6.6,1
1273,5.5X6,2
1274,"5,5X8",1
1275,3.75X8.6,1
1276,4.75 X 5.5,3
1277,6.75 X 7.5,1
1278,7.5X5.25,1
1279,6X12.5,1
1280,6.5X7,2
1281,4.5X6.0,1
1282,5.25 x 5.75,1
1283,5.25X4.25,1
1284,2X81,1
1285,4.25X5,1
1286,4.25 x 6,1
1287,9.5 X 12.25,1
1288,4.25X5.25,4
1289,5.75X10,1
1290,5X3.5,2
1291,7 x 5.5,1
1292,3.5 X 6.25,1
1293,5.25X6.50,1
1294,8.5 X 9.5,1
1295,4.5X11.5,1
1296,5.75X8.25,2
1297,8.5X9.5,1
1298,4.75 X 5,1
1299,8X12,2
1300,4X9.25,2
1301,8.25 X 6,1
1302,4.5 x 6.5,2
1303,5.6X19.6,1
1304,8.25 X 12.75,1
1305,16 X 12,1
1306,9.75X12,1
1307,4.50 x 6,1
1308,"3,5 X 6.75",1
1309,6.75X7,1
1310,7 X 8.75,1
1311,3.75 X 6.75,1
1312,6 x 8,1
1313,5.5 x 9,2
1314,5.75X4,1
1315,6.25X12,1
1316,5.5X7.2,1
1317,3.75X4.5,1
1318,3.75X5.6,1
1319,4.74 X 7.25,2
1320,4.5 X 10,1
1321,6.25 X 11,1
1322,7.75X5.5,1
1323,2.50 x 5,1
1324,6X8.15,1
1325,8.5 X 14.5,1
1326,6.25 X 7.25,1
1327,7.5X5.75,1
1328,5.25X9.25,1
1329,6X7.6,1
1330,4.5 X 9.25,1
1331,"4,5X7.0",1
1332,6.5X7.5,1
1333,3.25X3.5,1
1334,4.5 X6.25,1
1335,4.4 X 6.75,3
1336,44.5 X 8,1
1337,8.75X11,1
1338,14X9,1
1339,8.5X14,2
1340,8.5X12.25,1
1341,6.25 X 9.75,1
1342,6  X 7.5,1
1343,6.25 X 8.25,1
1344,6 X 4.5,1
1345,8.25X12,1
1346,4.4X7,1
1347,5.25 X 6,1
1348,3.75 X 7.75,1
1349,8X5.25,1
1350,6.5 X 5.25,1
1351,8X7,1
1352,9X6.25,1
1353,4.25X 6.25,1
1354,5.5 x 7.5,2
1355,5 X6.5,1
1356,5 x 7,3
1357,5.25X5.25,1
1358,7.25X14,1
1359,5.5X14,1
1360,3.25 X 5,1
1361,6.6X9.25,1
1362,3.50 X 5.50,1
1363,3.5 x 6,1
1364,5.6X8.25,1
1365,5.50  x 7.75,1
1366,3.25 x 5,1
1367,6.5 x 8.25,1
1368,4.75X7.6,1
1369,3.25 X 4.75,1
1370,7.0X9.5,1
1371,2.75X5.6,1
1372,5.25 X 4,1
1373,7.25 X 13,1
1374,5 X 4.25,1
1375,5.6X8.75,1
1376,6.25 X 5.5,1
1377,5.25X10.5,1
1378,3.6X6.6,2
1379,7.25X6.5,1
1380,7.75X5,1
1381,9.5X13,1
1382,4.5 X 5.25,1
1383,8.25X11.25,1
1384,4.25X8.75,1
1385,5.75X11,1
1386,3.5 X6.5,1
1387,3 x 9.25,1
1388,25 X 4,1
1389,7.25 X 10.25,1
1390,6.5 x 9.5,7
1391,6 X 45,1
1392,3.75 X 10.5,1
1393,6.26 X 7.75,1
1394,10.5X11.25,1
1395,3.25X7,1
1396,6X8.25,1
1397,4 X 9,1
1398,6.25X6.75,1
1399,7 X 12.5,1
1400,7X11.25,1
1401,6.75 X 8.75,1
1402,3.6X4.6,1
1403,6X4.75,1
1404,7.5X10.25,1
1405,7 X 7.25,1
1406,6.75 X 3.5,1
1407,7.5 X 12,2
1408,9.6X11.6,1
1409,5.5 X 10.5,1
1410,7.5 X 12.5,1
1411,"4,5X7",1
1412,6X4,1
1413,4 X 9.5,1
1414,6X7.50,1
1415,7.75 X 11,1
1416,5X11,1
1417,3X7.5,1
1418,5X5.25,1
1419,2.75X4.75,1
1420,4.5 x 5.75,2
1421,3 X 7.25,1
1422,8.25 X 10.75,1
1423,4.6X6.75,1
1424,9 X 4,1
1425,8X9.6,1
1426,4.50 X 6.50,1
1427,2.75 X 6,1
1428,2X61,1
1429,3.5 x 5.5,1
1430,8.25 x 11.5,14
1431,8.5 x 6,2
1432,9.75 x 12.5,4
1433,8.5 x 11.5,7
1434,5.75 x 8.5,3
1435,4.75 x 6.25,2
1436,7 x 4.5,1
1437,7 x 30.5,1
1438,11 x 9,2
1439,9.75 x 13.25,2
1440,9.75 x 26,1
1441,8.75 x 11.5,5
1442,5.5 x 8,3
1443,9.25 x 13,2
1444,9.5  x 12,1
1445,10.75 x 14,1
1446,5.75 x 8.75,1
1447,10 x 14.5,1
1448,5.75 x 11,1
1449,8.75 x 14.5,2
1450,9.75 x 14.5,3
1451,7.25 x 10.25,3
1452,5.75 x 8,2
1453,3.5 x 5.25,2
1454,10 x 15,2
1455,5.75 x 8.25,9
1456,8 x 10.5,4
1457,8.25 x 11,6
1458,5.75 x 11.75,1
1459,6.75 x 10.75,1
1460,8.75 x 12.5,4
1461,7.5 x 11,5
1462,8.5 x 12.25,4
1463,9 x 13.5,2
1464,7 x 10,8
1465,3.75 x 8.25,2
1466,9 x 12.25,2
1467,5.25 x 12.5,1
1468,12 x 9.25,2
1469,10.25 x 14,5
1470,8 x 11.5,5
1471,8.25 x 11.75,24
1472,8 x 10.75,1
1473,8.5 x 12,14
1474,6.75 x 14,1
1475,8 x 10,1
1476,13.25 x 9,1
1477,6 x 8.25,7
1478,8.25 x 12,3
1479,11.75 x 9.5,1
1480,7 x 12,2
1481,9.5 x 12.5,14
1482,9 x 12,20
1483,9 x 12.5,9
1484,8 x 11,6
1485,8.5 x 13.5,2
1486,7.75 x 10.5,3
1487,8 x 12.5,6
1488,4 x 8.25,3
1489,6 x 9.5,4
1490,7.75 x 13,1
1491,10 x 12.5,2
1492,5 x 11,1
1493,5 x 10,1
1494,9.5 x 11.75,2
1495,7.5 x 10.5,2
1496,3.25 x 8,1
1497,9.5 x 12,1
1498,8 x 14,4
1499,4 x 8.75,1
1500,9.5 x 12.25,1
1501,8.5 x 14,10
1502,4.5 x 8,1
1503,7.75 x 14.25,1
1504,11.75 x 16.5,3
1505,6.25 x 10,2
1506,4.75 x 7,1
1507,8.25 x 6,1
1508,7.5 x 12,1
1509,5 x 12.5,1
1510,6.5 x 14,1
1511,11 x 13.25,1
1512,8.5 x 13,4
1513,8 x 11.75,5
1514,7.75 x 10.75,1
1515,7 x 10.5,2
1516,9.75 x 13.5,1
1517,6.5 x 15,1
1518,5.5 x 13.25,1
1519,11.5 x 14.5,1
1520,8.25 x 10,3
1521,5 x 16,1
1522,8.75 x 13.5,1
1523,13.5 x 9.5,1
1524,10 x 13.75,1
1525,6.25 x 8.5,2
1526,4.75 x 8.5,1
1527,10.25 x 14.5,1
1528,10 x 14.25,6
1529,7 x 11.25,1
1530,6 x 6,1
1531,8.25 x 8.25,1
1532,5.25 x 7.5,2
1533,10.5 x 15,2
1534,11.25 x 12.5,1
1535,9.75 x 12.75,1
1536,4.75 x 10.25,1
1537,5.25 x 12.75,1
1538,9 x 11.75,2
1539,7.25 x 8,1
1540,10.25 x 14.25,1
1541,10.25 x 13.25,1
1542,9.75 x 12,2
1543,7.75 x 11.75,1
1544,9.5 x 13.5,7
1545,9.75 x 13,3
1546,12.25 x 9,1
1547,9.5 x 14,4
1548,4 x 8,1
1549,9.5 x 13.25,2
1550,6 x 13.75,1
1551,5.75 x 7.5,1
1552,4.25 x 6.5,1
1553,5.75 x 4,1
1554,6.75 x 9.75,1
1555,7 x 13,2
1556,7 x 13.5,2
1557,10.25 x 19.5,1
1558,9.25 x 12.25,3
1559,6.5 x 9.25,1
1560,10.5 x 14,7
1561,10 x 13,3
1562,8.75 x 12,2
1563,10 x 11.75,1
1564,9 x 12.75,1
1565,6 x 12.5,2
1566,12 x 9.5,2
1567,9.75 x 15,1
1568,10 x 13.25,2
1569,4 x 8.5,3
1570,7.5 x 12.5,2
1571,9.25 x 11.5,2
1572,9.5 x 13,8
1573,11 x 15,4
1574,9.75 x 14,2
1575,10.5 x 14.5,4
1576,8.5 X 11.75,1
1577,9.75 x 12.25,2
1578,6.5 x 9.75,1
1579,10.75 x 15,1
1580,7 x 14,2
1581,9.25 x 12.5,1
1582,15.25 x 11.75,1
1583,10.5 x 16,3
1584,8.75 x 12.75,1
1585,6.75 x 13,1
1586,4.25 x 8,1
1587,9.5 x 13.75,2
1588,7.75 x 11.5,2
1589,9 x 13,9
1590,7.5 x 10.75,1
1591,8 x 13.5,1
1592,8.75 x 14.25,1
1593,13.5 x 11.5,1
1594,6.5 x 10,2
1595,10.5 x 13.5,1
1596,4 x 6.25,1
1597,11.25 x 15,2
1598,9.75 x 13.75,4
1599,9.75 x 14.75,1
1600,10.25 x 15.25,2
1601,5.25 x 7.25,1
1602,8.75 x 12.25,3
1603,11.5 x 19,1
1604,13.25 x 16.5,1
1605,11 x 17,2
1606,11 x 16.75,1
1607,9.75 x 16,1
1608,11 x 16,3
1609,11 x 21,1
1610,12 x 17,1
1611,7.25 x 17,1
1612,8.75 x 16,1
1613,8.75 x 15.5,1
1614,5.5 x 11,1
1615,8.25 x 14,1
1616,10.25 x 15,2
1617,8.75 x 8,1
1618,10.5 x 14.25,3
1619,10.75 x 15.25,1
1620,11 x 16.5,1
1621,8 x 15,1
1622,9 x 11,1
1623,7.25 x 12.5,1
1624,12 x 18,1
1625,10.5 x 16.5,1
1626,10.5 x 15.5,1
1627,10 x 16,2
1628,9.5  x 18,1
1629,12.5 x 18,1
1630,4x8,1
1631,8.25 x 12.25,1
1632,5 x 9,2
1633,9.5 x 15.25,1
1634,6.75 x 12.5,2
1635,8.5 x 10.5,2
1636,7.75 x 12,1
1637,8.25 x 16,1
1638,10 x 17,1
1639,7.5 x 13,2
1640,11.5 x 12.5,1
1641,7.75 x 13.5,1
1642,9 x 8,1
1643,9.5 x 12.75,6
1644,5 x 8.25,1
1645,11.75 x 17,1
1646,9.5 x 15.5,1
1647,11.25 x 15.25,1
1648,12.5 x 16.5,1
1649,11 x 8.5,1
1650,9.25 x 14.75,1
1651,8 x 6.75,1
1652,11 x 8.75,1
1653,10 x 14,4
1654,11 x 14.25,1
1655,7.5 x 11.5,2
1656,5.5 x 7.25,1
1657,9 x 9,2
1658,9.25 x 13.25,1
1659,9.5 x 14.75,1
1660,9 x 11.5,4
1661,11 x 14,4
1662,6 x 9,2
1663,8 x 14.5,2
1664,6 x 11,1
1665,9.45 x 14,1
1666,10.45 x 14.25,2
1667,9.5 x 13.45,1
1668,10.25 x 14.75,2
1669,7 x 10.25,1
1670,10.5 x 10.5,1
1671,3.45 x 2.25,1
1672,10.5 x 13.45,1
1673,11.25 x 18,1
1674,6.25 x 12.75,1
1675,9.75 x 10.75,1
1676,12.5 x 15.75,2
1677,11.5 x 16,2
1678,11.5 x 16.75,1
1679,12.75 x 19.75,1
1680,8.45 x 15.5,1
1681,10.25 x 16.5,1
1682,9.5 x 14.5,3
1683,10 x 15.5,2
1684,9.5 x 16,1
1685,5.5 x 6.75,1
1686,10 x 10,1
1687,8 x 8.75,1
1688,7 x 5,4
1689,8.25 x 5.75,1
1690,11.75 x 8.75,1
1691,7.5 x 9.5,2
1692,7.75 x 11,1
1693,7.25 x 8.25,1
1694,8.25 x 10.25,1
1695,5.75 x 10.25,1
1696,13 x 13,1
1697,7 x 11.5,2
1698,9.25 x 13.75,2
1699,9 x 14.5,1
1700,7 x 14.75,1
1701,6.5 x 9,1
1702,9.25 x 12.75,1
1703,4 x 7.75,1
1704,8.25 x 10.75,1
1705,7 x 12.5,1
1706,4 x 7.5,1
1707,13.5 x 9,1
1708,9 x 13.25,3
1709,7.25 x 11.5,2
1710,10 x 12.75,1
1711,5.5 x 15,1
1712,9.25 x 12,2
1713,5 x 6,2
1714,5.5 x 10,2
1715,5.25 x 7,1
1716,6 x 15,1
1717,8.25 x 12.5,1
1718,12 x 9.75,1
1719,11.5 x 8,1
1720,9.75 x 15.5,1
1721,7.5  x 14,1
1722,5 x 14,1
1723,12 x 10,1
1724,5.5 x 6,2
1725,5.5 x 10.5,1
1726,6 x 8.75,1
1727,9.25 x 14.5,1
1728,9.25 x 16.25,1
1729,7.75 x 16,1
1730,5 x 12,1
1731,4.5 x 10,1
1732,6.5 x 4.75,1
1733,9.75 x 18,2
1734,10 x 13.5,1
1735,11.75 x 8.25,2
1736,5 x 11.75,1
1737,7 x 15.5,2
1738,4.5 x 8.75,1
1739,6.25 x 12.5,1
1740,6.25 x 9.5,1
1741,7.5 x 14,1
1742,12 x 8.5,1
1743,12.75 x 19,1
1744,8.5 x 13.75,2
1745,10.75 x 15.5,2
1746,15.25 x 10.25,1
1747,9 x 16,1
1748,8.25 x 10.5,3
1749,9 x 14,1
1750,12.75 x 17,1
1751,12 x 16,1
1752,7.5 x 10,1
1753,18.75 x 14.5,1
1754,12.5 x 16,1
1755,10.75 x 15.75,1
1756,12.25 x 16,1
1757,3.75 x 9,1
1758,19.25 x 14.75,1
1759,19.5 x 12.25,1
1760,18.25 x 10.5,1
1761,8x10,1
1762,2 x 5,40
1763,8 x 5,19
1764,4 x 2,2
1765,8 x 6,2
1766,10 x 7,18
1767,2 x 6,23
1768,2 x 9,6
1769,10 x 6,13
1770,9 x 6,38
1771,2 x 7,5
1772,11 x 8,4
1773,2 x 4,6
1774,11 x 7,20
1775,9 x 5,5
1776,10 x 8,2
1777,9 x 4,2
1778,12 x 8,1
1779,7 x 4,6
1780,5 x 3,2
1781,2 x 3,4
1782,13 x 9,1
1783,10 x 5,1
1784,2 x 12,1
1785,12 x 9,1
1786,6 x 3,1
1787,9 x 11.63,1
1788,9.8 x 12.75,2
1789,13 x 9.5,6
1790,9.875 x 12.75,3
1791,7.25 x 9.5,4
1792,8 x 10.25,1
1793,8.875 x 12,1
1794,6.625 x 11.25,1
1795,7.75 x 11.8125,1
1796,9 x 19,1
1797,6.37 x 9.5,1
1798,8.8125 x 11.5,1
1799,8 x 13.25,1
1800,8.62 x 11.25,1
1801,7.75 x 10,3
1802,11.75 x 7.75,1
1803,9.875 x 13.75,1
1804,10.375 x 15.375,1
1805,8 x 12.375,2
1806,4.875 x 11.875,2
1807,9.25 x 12.625,2
1808,10.25 x 13.75,1
1809,8.375 x 11,1
1810,5.5 x 6.25,1
1811,9.78 x 12.625,1
1812,6.5 x 9.875,1
1813,10.5 x 14.875,1
1814,5.375 x 8.75,1
1815,8.25 x 11.25,1
1816,8.375 x 11.75,1
1817,7.75 x 12.25,1
1818,8.75 x 11.625,1
1819,7.75 x  10.875,1
1820,10.75 x 14.5,1
1821,7 x 10.625,1
1822,6.5 x 9.625,1
1823,11.5 x 17.5,1
1824,8X5.5,1
1825,9.25X5.5,1
1826,3.75 X 8.5,1
1827,11.75X8,1
1828,6.75 X 10.5,1
1829,7.5 X 7,1
1830,10 X 12.75,1
1831,7.5 X 9.5,1
1832,7.5 X 7.25,1
1833,8.25 X 12.5,1
1834,6.75 X 15.75,1
1835,7.5 X 6.75,2
1836,9 X 14.25,1
1837,7.75 X 13.25,1
1838,7.75 X 6.75,1
1839,9.5 X 11.75,1
1840,9 X 12,2
1841,13 X 20,1
1842,11 X 12.75,1
1843,17 X 12.25,1
1844,8.25 X 10.5,1
1845,5 X 11,1
1846,37.5x27,2
1847,30x21,42
1848,30x42,26
1849,29.5x21,26
1850,29.5x42,18
1851,22x15,4
1852,22x31,7
1853,22x21,1
1854,41.5x21,1
1855,23x15,86
1856,23x30,60
1857,35x26,6
1858,35x53,6
1859,33x25,24
1860,33x49.5,5
1861,36.5x27.5,1
1862,36.5x37.5,1
1863,23x30.5,34
1864,29.5x23,6
1865,29.5x45.5,2
1866,38x27,2
1867,38x53,2
1868,30.5x22.5,12
1869,30.5x46,44
1870,30.5x23,60
1871,34.5x22.5,1
1872,26.5x17,13
1873,26.5x67.5,1
1874,22.5x14,10
1875,18x12,22
1876,21x14,27
1877,21x27,11
1878,32.5x20.5,1
1879,32.5x50.5,1
1880,28x21.5,146
1881,28x42,19
1882,21.5x14,108
1883,21.5x28,93
1884,34x24,55
1885,34x48,53
1886,33x24,6
1887,34.5x24,4
1888,34.5x58,1
1889,24x16,55
1890,24x32.5,8
1891,25.5x25.5,1
1892,25.5x51,1
1893,28.5x22.5,21
1894,28.5x44.5,6
1895,28x42.5,20
1896,19x21.5,2
1897,26x21.5,1
1898,10.5x32.5,1
1899,32.5x21,1
1900,25.5x21,3
1901,25.5x42,2
1902,9x14,2
1903,19x28,59
1904,25.5x20.5,8
1905,25.5x41,8
1906,28x43,109
1907,23x15.5,70
1908,23x31,35
1909,35x25,4
1910,35x50,2
1911,14x21.5,6
1912,10x18,1
1913,10x36,1
1914,33x12,2
1915,30x23.5,3
1916,30x47,3
1917,30x22.5,9
1918,30x45,8
1919,48x32,1
1920,48x64,1
1921,43x28,6
1922,43x56,2
1923,26x19.5,3
1924,26x39,2
1925,17.5x21.5,1
1926,17.5x43,1
1927,30.5x19.5,6
1928,30.5x29.5,1
1929,25.5x17.5,25
1930,29x21.5,18
1931,29x43,13
1932,31.5x21.5,3
1933,28x19,12
1934,28x38,9
1935,21.5x15,14
1936,21.5x30,13
1937,22x16,10
1938,22x32.5,6
1939,29x21,35
1940,29x42,35
1941,32.5x25,3
1942,32.5x50,2
1943,21x15,31
1944,21x30,20
1945,33x23,49
1946,33x46,8
1947,25.5x15,7
1948,25.5x30,1
1949,26x19,10
1950,26x38,4
1951,30x62,2
1952,34x20.5,1
1953,34x41,1
1954,31.5x21,4
1955,23x20.5,33
1956,31.5x23.5,4
1957,31.5x47,3
1958,31x21.5,5
1959,31x44,4
1960,14x22.5,1
1961,41.5x22.5,1
1962,18x11.5,23
1963,18x23,18
1964,51x33,1
1965,21.5x16,19
1966,21.5x31.5,5
1967,22x16.5,7
1968,30.5x45,2
1969,45x28,1
1970,31x23,17
1971,31x46,11
1972,25x19,16
1973,25x37.5,1
1974,40.5x28.5,1
1975,38.5x26.5,1
1976,38.5x53.5,2
1977,38x26.5,1
1978,34x17,3
1979,34x33.5,1
1980,27x11,2
1981,15x11.5,4
1982,15x23,3
1983,31x14,2
1984,31x51,1
1985,31.5x46.5,1
1986,24x32,39
1987,23.5x30.5,7
1988,23.5x61,1
1989,35x24,1
1990,35x46,2
1991,33x26,1
1992,33x52,1
1993,21.5x21,1
1994,21.5x42,1
1995,25x31.5,3
1996,45.5x31.5,1
1997,31.5x42,2
1998,29x44.5,6
1999,22x14,39
2000,22x28,39
2001,33x17,2
2002,33x33,1
2003,30x18,1
2004,30x53.5,1
2005,26.5x18,14
2006,40x23,1
2007,40x46,1
2008,37x15.5,1
2009,37x29,2
2010,34.5x48,2
2011,25x17.5,16
2012,25x35,14
2013,24.5x9,1
2014,24.5x27,1
2015,32.5x23.5,2
2016,32.5x47,2
2017,33.5x25,2
2018,33.5x50,1
2019,33x25.5,20
2020,33x50,16
2021,32x25,11
2022,32x50,3
2023,25x16,17
2024,25x32,11
2025,37x22,4
2026,37x43.5,1
2027,21x18.5,2
2028,30.5x19,3
2029,30.5x48.5,2
2030,14x26.5,1
2031,37.5 x 27,1
2032,20x15,11
2033,20x30,10
2034,35.5x23.5,14
2035,33x45.5,2
2036,28x17.5,66
2037,24x10,2
2038,24x20,3
2039,33x21.5,84
2040,24.5x14,1
2041,24.5x28,1
2042,39.5x16,1
2043,39.5x32.5,1
2044,35.5x24,3
2045,35.5x48,1
2046,31.5x43.5,1
2047,36.5x23,5
2048,25.5x18,78
2049,25.5x36,63
2050,15x19.5,2
2051,28x19.5,7
2052,33x48,2
2053,30x12.5,2
2054,30x25,1
2055,24.5x15.5,6
2056,24.5x31,5
2057,24x15,43
2058,24x30,8
2059,27.5x32,1
2060,53.5x32,1
2061,24x18.5,4
2062,24x36.5,2
2063,23x18,19
2064,23x35.5,2
2065,18x24,14
2066,16.5x13.5,3
2067,33x13.5,1
2068,21x13,11
2069,21x26,7
2070,37.5x24,2
2071,37.5x47,1
2072,12.5x11,1
2073,12.5x22,1
2074,25.5x23.5,1
2075,25.5x46.5,1
2076,23x20,22
2077,28x22,68
2078,28x43.5,11
2079,22x12.5,3
2080,22x25,1
2081,29x20,6
2082,29x40,5
2083,42x29,2
2084,19.5x21,1
2085,19.5x42,2
2086,26x36,13
2087,36x14,1
2088,36x28,4
2089,22.5x16,2
2090,22.5x31.5,1
2091,37x26.5,1
2092,37x52.5,1
2093,31.5x24,8
2094,31.5x48,6
2095,32x23.5,25
2096,32x46.5,3
2097,30x23,20
2098,30x45.5,1
2099,33x51,18
2100,31x25,1
2101,31x49.5,1
2102,24x15.5,14
2103,22.5x15,5
2104,22.5x30,4
2105,36.5x26.5,2
2106,36.5x53.5,1
2107,25.5x17,22
2108,25.5x34,8
2109,19x21,1
2110,19x42,1
2111,34x14,3
2112,34x42,1
2113,19.5x13,25
2114,19.5x25.5,1
2115,21.5x27.5,2
2116,34x26,13
2117,34x52,1
2118,24x40,1
2119,20x15.5,9
2120,20x30.5,4
2121,32x23,12
2122,32x45.5,3
2123,19x9,1
2124,19x26.5,1
2125,22x11,9
2126,22x33,6
2127,31.5x22,3
2128,29x22,15
2129,35.5x25,4
2130,35.5x50.5,2
2131,30x24,3
2132,30x48,2
2133,26x12.5,1
2134,26x25,1
2135,35.5x27,13
2136,35.5x54,3
2137,38.5x25.5,1
2138,35.5x26,5
2139,32x24,11
2140,32x48,9
2141,20x20,2
2142,20x40,1
2143,22x10.5,1
2144,27x18,9
2145,27x36,4
2146,36.5x26,2
2147,36.5x38.5,1
2148,31.5x20,3
2149,31.5x60,1
2150,14.5x19.5,1
2151,14.5x39,1
2152,18x13,29
2153,18x25.5,7
2154,30.5x48,4
2155,31x25.5,1
2156,31x67,1
2157,28x24,2
2158,28x47.5,1
2159,24x31,7
2160,33x64.5,1
2161,19.5x11,3
2162,41x21,1
2163,41x42,1
2164,23x32,27
2165,46x32,1
2166,17x11.5,20
2167,17x23,16
2168,25x5,1
2169,25.5x16,9
2170,25.5x32,3
2171,12x10,2
2172,12x20,2
2173,17x19,2
2174,32x19,5
2175,29.5x21.5,6
2176,29.5x43,8
2177,21x10,5
2178,21x20,4
2179,16.5x19,5
2180,38x16.5,3
2181,17x12,5
2182,17x24,4
2183,21.5x20,2
2184,32x46,3
2185,18x26,20
2186,36x23,4
2187,36x46,3
2188,24x16.5,53
2189,24x33,45
2190,33x16,4
2191,33x32,4
2192,10.5x14,1
2193,28x10.5,1
2194,31x43,4
2195,28x20.5,63
2196,28x41,51
2197,32.5x24,3
2198,32.5x48,3
2199,25x20.5,7
2200,25x41,7
2201,28x44,22
2202,27x20.5,7
2203,27x41,7
2204,26.5x21,52
2205,26.5x42,50
2206,29x24,2
2207,29x23,12
2208,30x13.5,1
2209,30x27,1
2210,16x11,19
2211,29x44,11
2212,18X19,1
2213,33x19,1
2214,17.5x19,3
2215,31.5x19,4
2216,35x28.5,1
2217,35x57,1
2218,35.5x32,1
2219,32x47,20
2220,20x13,50
2221,20x26,19
2222,21.5x56,1
2223,22x32,7
2224,28x12,1
2225,30.5x10,1
2226,16x28.5,1
2227,65x51,2
2228,27x21,53
2229,36x18,1
2230,36x22,4
2231,18x21.5,1
2232,36x21.5,4
2233,50x16.5,1
2234,50x33,1
2235,28x16.5,5
2236,28x33,1
2237,19x22,1
2238,35.5x22,8
2239,28.5x16.5,1
2240,28.5x33,3
2241,28x21,26
2242,14x10,8
2243,27x42,50
2244,30.5x22,36
2245,30.5x41,7
2246,33x21,19
2247,33x42,3
2248,18x22,15
2249,18x44,2
2250,32.5x17,1
2251,32.5x34,1
2252,25x18.5,6
2253,25x37,5
2254,29x46,5
2255,34x21,7
2256,32x21,10
2257,25.5x20,10
2258,33x20.5,4
2259,37x23,3
2260,37x46,1
2261,35.5x28,6
2262,35.5x56,4
2263,35.5x65,1
2264,33x27,1
2265,33x53,2
2266,18.5x22.5,1
2267,18.5x57.5,1
2268,36x16,1
2269,36x32,1
2270,25x21,3
2271,28x17,20
2272,28x34,14
2273,21x29.5,3
2274,25.5x35.5,14
2275,17.5x24,3
2276,17.5x48,1
2277,32x37,1
2278,26.5x36,6
2279,30x21.5,15
2280,30x43,14
2281,36.5x45,1
2282,36x45.5,1
2283,16x12,18
2284,16x23.5,1
2285,38x21.5,4
2286,38x42.5,1
2287,35x50.5,2
2288,36x20.5,1
2289,50x20.5,1
2290,30.5x24,3
2291,35.5x43.5,1
2292,26.5x20,9
2293,26.5x49.5,1
2294,41 x 26.5,1
2295,31x22,7
2296,56.5x43.5,1
2297,35.5x22.5,2
2298,35.5x45,1
2299,29.5x46,2
2300,37x24,1
2301,37x48,1
2302,31x46.5,3
2303,20.5x10,1
2304,20.5x20.5,1
2305,31.5x23,4
2306,23x17.5,10
2307,23x35,8
2308,32x24.5,3
2309,32x48.5,2
2310,10x21,1
2311,20x21,2
2312,35.5x25.5,5
2313,35.5x51,4
2314,20x31,6
2315,40x31,1
2316,31.5x46,1
2317,29.5x14,3
2318,33x35.5,1
2319,39.5x19,1
2320,39.5x37.5,1
2321,34.5x17,1
2322,33x50.5,5
2323,35.5x23,3
2324,35.5x45.5,1
2325,39.5x21,1
2326,10x15,2
2327,29x15,1
2328,35.5x19,1
2329,27.5x22.5,1
2330,27.5x44,4
2331,29.5x22,5
2332,29.5x44,2
2333,37.5x15.5,1
2334,37.5x31,1
2335,22x12,3
2336,22x35.5,3
2337,21.5x12,2
2338,21.5x35.5,6
2339,31.5x22.5,2
2340,31.5x44,3
2341,19x11.5,4
2342,19x23,4
2343,21x39.5,1
2344,21x37,1
2345,19x25,3
2346,19x49,2
2347,28.5x20,3
2348,28.5x40,2
2349,31x43.5,1
2350,27x20,7
2351,27x40,7
2352,30.5x53,1
2353,17x26.5,1
2354,17x53,1
2355,18x17,1
2356,35.5x33,2
2357,24x31.5,6
2358,27x36.5,1
2359,26.5x18.5,3
2360,31x65.5,1
2361,16.5x11,33
2362,16.5x22,25
2363,26x18,16
2364,25x18,21
2365,25x36,14
2366,26x37.5,2
2367,29x41.5,1
2368,36x24,5
2369,27.5x21.5,16
2370,11.5x21.5,1
2371,22.5x21.5,1
2372,30.5x44,4
2373,21x28,15
2374,41x28,1
2375,21x11,2
2376,21x22,1
2377,28x18,208
2378,29x48,1
2379,21.5x57,1
2380,29x42.5,1
2381,14x11,9
2382,15x10,18
2383,18x17.5,1
2384,35.5x17.5,1
2385,29.5x44.5,2
2386,31x18,3
2387,31x35.5,1
2388,44x28,3
2389,24.5x18.5,3
2390,24.5x37,3
2391,25.5x13.5,1
2392,25.5x27,1
2393,25x15,13
2394,40x28.5,1
2395,40x57,1
2396,34x24.5,3
2397,34x49,2
2398,16x24,9
2399,63.5x24,1
2400,24.5x15,4
2401,24.5x30,3
2402,35.5x18,2
2403,35.5x55.5,1
2404,43.5x20.5,1
2405,38x24,3
2406,38.5x27,1
2407,16x22.5,4
2408,25x40.5,1
2409,26.5x20.5,31
2410,26.5x40.5,13
2411,32x49.5,2
2412,34x47.5,1
2413,28.5x15,4
2414,33.5x21,8
2415,24.5x18,5
2416,24.5x36,4
2417,25x12.5,1
2418,18.5x14.5,4
2419,31x24.5,3
2420,31x48.5,3
2421,29.5x53.5,1
2422,36x27,3
2423,36x53,2
2424,36x25,3
2425,36x50,1
2426,16.5x28.5,1
2427,14.5x18.5,1
2428,14.5x37,1
2429,34x21.5,7
2430,34x42.5,1
2431,21.5x19,2
2432,43x38,2
2433,31x24,3
2434,35x26.5,3
2435,35.5x21.5,5
2436,21.5x10.5,1
2437,31x23.5,3
2438,28x40.5,6
2439,28x14.5,2
2440,33x22,10
2441,33x44,3
2442,25x55.5,1
2443,33.5x19,1
2444,27.5x17,15
2445,45.5x30,1
2446,31.5x18.5,1
2447,31x21,10
2448,21x13.5,17
2449,25x16.5,21
2450,25x33,16
2451,15.5x12,3
2452,15.5x24,2
2453,18.5x21,1
2454,18.5x42,1
2455,30.5x23.5,4
2456,30.5x47,3
2457,24x17,35
2458,24x34,26
2459,16.5x21,9
2460,16.5x42,7
2461,30x17,3
2462,30x51,2
2463,32.5x21.5,1
2464,32.5x43,1
2465,42x28,1
2466,31x20,12
2467,31x40,11
2468,25.5x19,9
2469,25.5x38,6
2470,26x21,3
2471,26x42,3
2472,20.5x13,77
2473,20.5x26,13
2474,32x60,3
2475,37x45,1
2476,22x9,1
2477,22x36,1
2478,48.5x31,1
2479,34.5x49,1
2480,36x26,6
2481,36x52,3
2482,37x27,3
2483,37x53.5,1
2484,37x22.5,4
2485,34.5x26,2
2486,34.5x52,1
2487,21.5x9,3
2488,25x17,6
2489,25x35.5,6
2490,36x43.5,1
2491,25.5x21.5,2
2492,25.5x43,2
2493,31x 48.5,1
2494,35.5x52,2
2495,28x14,6
2496,28x41.5,4
2497,34x25.5,2
2498,34x51,1
2499,15.5x13.5,1
2500,20x21.5,1
2501,22.5x23.5,1
2502,22.5x47,1
2503,38x29,2
2504,34x23.5,9
2505,34x47,2
2506,12x17,2
2507,12x34,1
2508,29.5x18.5,1
2509,29.5x37,1
2510,16x 8.5,1
2511,16x26,3
2512,18x10,3
2513,18x20,2
2514,29.5x17,1
2515,23x16.5,8
2516,24.5x14.5,1
2517,24.5x29,1
2518,27x22,2
2519,27x44,3
2520,21x42,2
2521,21x27.5,2
2522,33x41,1
2523,21x15.5,7
2524,19x10,2
2525,29x22.5,12
2526,29x45,10
2527,30x10,1
2528,30x30,1
2529,35.5x50,2
2530,22x14.5,14
2531,22x29,13
2532,33x18,117
2533,15.5x16.5,1
2534,15.5x33,1
2535,32x49,1
2536,35x24.5,1
2537,35x49,2
2538,33x11,2
2539,23.5x16.5,27
2540,23.5x33,28
2541,36.5x56,1
2542,30x20.5,5
2543,47x23,1
2544,30x14,2
2545,23x16,28
2546,39.5x15,1
2547,10x10,1
2548,10x20,1
2549,15x10.5,5
2550,15x21,4
2551,18.5x12,11
2552,18.5x24,8
2553,20.5x13.5,15
2554,20.5x27,11
2555,28x36,125
2556,35.5x21,2
2557,31x45.5,2
2558,26.5x37,2
2559,27.5x43,8
2560,24x12.5,2
2561,32.5x19,2
2562,25x38,12
2563,30.5x14,1
2564,30.5x42,3
2565,20x12.5,28
2566,20x25,11
2567,29x17.5,7
2568,29x34.5,2
2569,25.5x35,12
2570,22x11.5,4
2571,22x34,26
2572,21.75x35,1
2573,21.75x12,1
2574,31x20.5,6
2575,31x40.5,5
2576,38x28,2
2577,38x56,2
2578,38x55,1
2579,36x51,2
2580,11x27,1
2581,29x14,1
2582,29x28,1
2583,39.5x22.5,1
2584,39.5x45,1
2585,21.5x27,7
2586,15x22,3
2587,15x44,1
2588,6.5 X 16.25,1
2589,36.5x21.5,1
2590,36.5x43,1
2591,33.5x23,1
2592,33.5x46,1
2593,21.5x41.5,1
2594,21.5x13,5
2595,21.5x26,3
2596,20.5x14.5,6
2597,20.5x28.5,1
2598,38.5x18,2
2599,38.5x36.5,2
2600,22x17.5,10
2601,22x35,2
2602,28x64,1
2603,22x18,3
2604,28x20,3
2605,28x40,3
2606,37.5x25.5,1
2607,14.5x22.5,2
2608,37x26,2
2609,37x52,1
2610,37x25.5,3
2611,37x51,3
2612,35.5x46,1
2613,28x15.5,3
2614,37.5x20,1
2615,37.5x39,1
2616,19x36,1
2617,19x55.5,1
2618,43x23.5,3
2619,23x34,6
2620,28.5x19,5
2621,42.5x26,1
2622,16x9.5,3
2623,16x28,1
2624,27.5x21,5
2625,28x11,4
2626,30x13,1
2627,30x26,1
2628,20x28,24
2629,35x21,2
2630,35x42,1
2631,18x9.5,6
2632,22x9.5,1
2633,31x42,6
2634,16x10,16
2635,16x21.5,1
2636,15x29.5,1
2637,91x29.5,1
2638,36x19.5,1
2639,36x38.5,1
2640,34.5x18,1
2641,16x16,1
2642,34.5x21.5,6
2643,35.5x16.5,1
2644,27x19,10
2645,27x38,8
2646,30.5x13,1
2647,30.5x38,1
2648,37.5x48,1
2649,25.5x16.5,23
2650,25.5x33,26
2651,23.5x31,11
2652,23.5x62,1
2653,32x20.5,4
2654,15x12.5,2
2655,15x15,1
2656,32x52,1
2657,33.5x24,2
2658,33.5x48,1
2659,34x48.5,1
2660,26.5x41,16
2661,28.5x22,15
2662,28.5x43.5,2
2663,32x21.5,3
2664,20x9,2
2665,30x16,2
2666,30x32,1
2667,33x43.5,2
2668,17.5x12.5,6
2669,17.5x25.5,3
2670,17x11,14
2671,27.5x19,4
2672,27.5x34.5,1
2673,30x22,10
2674,30x44,10
2675,31.5x47.5,1
2676,37.5x26,1
2677,37.5x52,1
2678,63.5x35.5,1
2679,23x31.5,2
2680,47x31.5,2
2681,38x43,4
2682,35x17.5,1
2683,35x52,2
2684,12.5x8.5,1
2685,12.5x17.5,1
2686,34x16,1
2687,34x32,1
2688,32x22.5,4
2689,23x19,2
2690,23x38,2
2691,33x26.5,1
2692,16x10.5,9
2693,22x23,2
2694,33.5x25.5,2
2695,33.5x51,2
2696,33x48.5,2
2697,31x22.5,1
2698,31x45,1
2699,27.5x42,3
2700,38x19,2
2701,27x21.5,11
2702,27x43,6
2703,26x20.5,8
2704,26x41,8
2705,21x31,5
2706,30x19,2
2707,29.5x28,1
2708,33x43,4
2709,21.5x14.5,5
2710,26.5x21.5,3
2711,26.5x43,4
2712,20.5x12.5,23
2713,36.5x25,1
2714,36.5x50,1
2715,24.5x31.5,2
2716,40x17.5,2
2717,40x35,2
2718,18x57,1
2719,9.5x14,1
2720,9.5x28,1
2721,35.5x43,2
2722,21.5x13.5,122
2723,19x15,4
2724,19x30,1
2725,27x35,7
2726,21.5x32.5,1
2727,23x36,17
2728,35x64,1
2729,44.5x28,2
2730,27.5x20,4
2731,27.5x40,3
2732,27x17.5,10
2733,17.5x13,9
2734,17.5x26,5
2735,19x24.5,1
2736,34x10,1
2737,19x12,13
2738,18x18,1
2739,18x71,1
2740,26x20,8
2741,26x40,8
2742,25x42,2
2743,25x13,2
2744,21x24.5,1
2745,33x20,2
2746,33x40,1
2747,24x19,6
2748,29x35,1
2749,32.5x22,2
2750,32.5x44,2
2751,30x25.5,2
2752,36x43,2
2753,32x25.5,3
2754,32x51,2
2755,31.5x28.5,1
2756,51x30,1
2757,31.5x25,3
2758,31.5x50,3
2759,33x66,1
2760,24.5x16,8
2761,24.5x32,4
2762,30.5x20,7
2763,30.5x40,4
2764,21.5x22.5,1
2765,12x12,1
2766,12x24,1
2767,30.5x45.5,19
2768,26.5x41.5,1
2769,35.5x62.5,1
2770,35.5x20.5,2
2771,30x20,3
2772,30x60,1
2773,28.5x21.5,2
2774,28.5x43,2
2775,34x27,17
2776,34x54,2
2777,35.5x26.5,4
2778,35.5x53,1
2779,27.5x18,6
2780,27.5x36,5
2781,42x27.4,1
2782,23x19.5,1
2783,33x14,1
2784,36x22.5,1
2785,36x44.5,1
2786,32x43,1
2787,31.5x48.5,1
2788,33.5x48.5,1
2789,25.5x18.5,4
2790,25.5x55,1
2791,34.5x26.5,1
2792,34.5x53.5,1
2793,21x30.5,1
2794,38x25.5,2
2795,38x51,2
2796,32.5x27,1
2797,32.5x54,1
2798,31.5x33.5,1
2799,33.5x23.5,1
2800,33.5x47,1
2801,29.5x20,11
2802,29.5x41,8
2803,33x24.5,5
2804,33x40.5,1
2805,39x26,1
2806,39x53,1
2807,30x46,14
2808,26.5x 36,1
2809,18x14,35
2810,18x 28,1
2811,36x27.5,1
2812,36x55,1
2813,29x19.5,1
2814,23x14.5,13
2815,36x56,2
2816,30.5x21,2
2817,29.5x12.5,1
2818,29.5x25,1
2819,24x13,5
2820,24x26,2
2821,35x16,1
2822,31x48,1
2823,32x15,1
2824,36x48,2
2825,35x28,2
2826,35x56,1
2827,23x14,31
2828,23x28,21
2829,14x20.5,1
2830,26x16.5,3
2831,24.5x10.5,1
2832,24.5x21,1
2833,31x41,2
2834,29.5x20.5,17
2835,29.5x40.5,16
2836,28.5x44,12
2837,34x25,2
2838,29.5x24,2
2839,29.5x48,1
2840,37x16,1
2841,37x32.5,1
2842,26x10.5,1
2843,49x10.5,1
2844,26.5x34,2
2845,25x26.5,2
2846,25x53.5,1
2847,23x17,8
2848,23x29,7
2849,36.5x69,1
2850,26x17.5,2
2851,35x16.5,1
2852,14x8.5,4
2853,35x25.5,2
2854,35x51,1
2855,20.5x43,1
2856,22.5x10.5,2
2857,22.5x30.5,1
2858,26x11,2
2859,26x43,1
2860,14x22,5
2861,37.5x23,1
2862,37.5x46,1
2863,22x26,1
2864,19x14,58
2865,38x21,1
2866,38x42,1
2867,31.5x43,1
2868,34.5x23.5,1
2869,42x23,1
2870,28x12.5,1
2871,25.5x40,7
2872,24.5x32.5,3
2873,18.5x72,1
2874,11x28,1
2875,12x16.5,1
2876,19.5x15,3
2877,19.5x29.5,2
2878,26.5x16.5,7
2879,32.5x49.5,1
2880,33.5x24.5,1
2881,33.5x49,1
2882,20.5x12,2
2883,20.5x24,2
2884,30.5x25.5,4
2885,30.5x51,4
2886,30.5x20.5,8
2887,30.5x40.5,1
2888,29x20.5,4
2889,27x 35.5,1
2890,17.5x11,11
2891,36.5x22.5,1
2892,36.5x43.5,1
2893,36x58.5,1
2894,38x22,1
2895,24.5x63.5,1
2896,22x17,17
2897,30.5x11,1
2898,13.5x9.5,4
2899,26x35.5,1
2900,16x22,11
2901,38.5x23,1
2902,38.5x46,1
2903,29.5x19.5,1
2904,24.5x12.5,1
2905,24.5x25,1
2906,20.5x25,5
2907,18x13.5,11
2908,18x39.5,1
2909,33.5x16,1
2910,63x33.5,1
2911,30.5x21.5,2
2912,30.5x43,2
2913,28x55,2
2914,22x43,1
2915,21x21.5,2
2916,29.5x47,2
2917,23x45,1
2918,36x53.5,1
2919,21.5x18,3
2920,35x27,4
2921,35x54,3
2922,27x19.5,4
2923,18x15,2
2924,18x29,2
2925,24x34.5,4
2926,30x41,3
2927,34x54.5,6
2928,26x16,6
2929,32.5x24.5,1
2930,32.5x49,1
2931,12x15,2
2932,23.5x16,28
2933,23.5x32.5,1
2934,29x40.5,2
2935,33x 50.5,1
2936,37x54,2
2937,23.5x15.5,19
2938,36.5x53,1
2939,24.5x16.5,7
2940,24.5x33,8
2941,30.5x54,1
2942,10.5x14.5,1
2943,21x14.5,10
2944,10x9,1
2945,32x19.5,3
2946,23.5x18.5,1
2947,23.5x37,2
2948,19x31,1
2949,22.5x28.5,2
2950,27x39,1
2951,40x28,1
2952,32x20,3
2953,32x53,1
2954,16.5x21.5,6
2955,30x41.5,1
2956,32x45,2
2957,27.5x40.5,1
2958,30x42.5,1
2959,19x11,4
2960,30.5x52.5,1
2961,18x26.5,2
2962,29x43.5,2
2963,28x25.5,1
2964,28x50.5,1
2965,24x27,1
2966,30x18.5,1
2967,30x37,1
2968,31.5x45,1
2969,24x14.5,2
2970,24x29.5,1
2971,24x14,11
2972,23x18.5,1
2973,23x36.5,1
2974,19.5x12,2
2975,27x12.5,1
2976,23x13,8
2977,27x15,1
2978,27x45,1
2979,29.5x16.5,1
2980,29.5x33,1
2981,22x13,5
2982,27x17,22
2983,32x38,2
2984,25x34,3
2985,14.5x10.5,2
2986,21.5x33,4
2987,20.5x15,6
2988,20.5x30,5
2989,22.5x31,6
2990,47x63,1
2991,35x47,3
2992,35.5x31,1
2993,36.5x16,1
2994,36.5x48,1
2995,20.5x14,12
2996,20.5x28,9
2997,21x25,2
2998,20.5x25.5,3
2999,46x30,1
3000,46x59.5,1
3001,21.5x28.5,1
3002,33x23.5,1
3003,33x47,1
3004,25.5x39.5,2
3005,34.5x21,1
3006,36.5x25.5,3
3007,19.5x14,48
3008,29.5x41.5,1
3009,28x23,3
3010,37x23.5,1
3011,37x47,1
3012,29.5x19,2
3013,16.5x10,17
3014,26.5x35.5,3
3015,29x45.5,6
3016,35.5x17,4
3017,25.5x33.5,1
3018,34.5x23,49
3019,34.5x46,1
3020,18.5x13,6
3021,18.5x26,6
3022,28.5x23,11
3023,23x45.5,1
3024,23x46,1
3025,24.5x30.5,1
3026,27.5x42.5,2
3027,17.5x12,3
3028,17.5x25,3
3029,34x22.5,2
3030,34x44.5,1
3031,29x17,1
3032,29x34,1
3033,12x8.5,1
3034,19x13,9
3035,19x25.5,1
3036,21x12,2
3037,21x24,3
3038,36x25.5,1
3039,28.5x18,13
3040,28.5x36,11
3041,14.5x11,3
3042,14.5x22,1
3043,27x23,6
3044,27x46,1
3045,25.5x34.5,2
3046,24x17.5,4
3047,24x35,4
3048,20.5x27.5,2
3049,25.5x15.5,6
3050,25.5x30.5,1
3051,28.5x45,17
3052,22.5x15.5,6
3053,22.5x45.5,1
3054,20x45,4
3055,28x35.5,54
3056,45.5 x 15.5,1
3057,24x33.5,1
3058,28x15,4
3059,26x17,4
3060,36x34,1
3061,26.5x16,3
3062,27x33,5
3063,25x31,2
3064,29x19,2
3065,29x38,2
3066,40.5x28,1
3067,40.5x56,1
3068,23.5x32,24
3069,14x21,3
3070,14x42,1
3071,20x14,25
3072,32x22,5
3073,25x20,5
3074,25x40,5
3075,21x29,9
3076,38x30,1
3077,38x60,1
3078,20x14.5,6
3079,20x29,6
3080,25.5x46,1
3081,29x23.5,1
3082,29x47,1
3083,19x13.5,6
3084,27.5x41,2
3085,19.5x12.5,4
3086,19.5x25,2
3087,14x10.5,3
3088,21.4x14,2
3089,21.5x32,9
3090,20.5x16.5,2
3091,20.5x33,2
3092,14x16.5,1
3093,14x33,1
3094,26.5x17.5,5
3095,22x13.5,5
3096,22x27,2
3097,18x28,33
3098,33.5x22,2
3099,33.5x44,1
3100,32x42,1
3101,30.5x46.5,3
3102,28x35,31
3103,18.5x29.5,2
3104,30x44.5,2
3105,29.5x39.5,2
3106,10.5x18,1
3107,10.5x36,1
3108,22.5x17,4
3109,22.5x34,3
3110,28.5x38,4
3111,25.5x27.5,1
3112,25.5x40.5,1
3113,38.5x30.5,1
3114,31.5x18,1
3115,32.5x22.5,1
3116,27.5x22,5
3117,27.5x43.5,2
3118,23x13.5,6
3119,23x27,1
3120,16x19,1
3121,19x30.5,1
3122,26x35,2
3123,23x25.5,1
3124,35x22.5,3
3125,35x45,1
3126,31x41.5,1
3127,30.5x24.5,1
3128,21x26.5,4
3129,18.5x11.5,4
3130,18.5x23,3
3131,28x32.5,1
3132,26.5x14,2
3133,29.5x23.5,1
3134,29.5x46.5,2
3135,23x33,7
3136,32x40,2
3137,27x11.5,1
3138,29.5x22.5,2
3139,20x17,1
3140,20x31.5,1
3141,35x49.5,1
3142,40.5x18,1
3143,40.5x35,1
3144,34x43,1
3145,23.5x11,7
3146,22x29.5,2
3147,25x34.5,1
3148,25x32.5,3
3149,17x13,3
3150,17x25.5,1
3151,26x15.5,2
3152,26x32,5
3153,22.5x28,7
3154,26x33.5,1
3155,27.5x38,3
3156,23.5x31.5,1
3157,29x18,7
3158,29x36,2
3159,36x28.5,1
3160,36x57,1
3161,28x22.5,1
3162,25.5x31,5
3163,18.5x15,1
3164,28.5x45.5,9
3165,26.5x19,3
3166,31.5x40.5,1
3167,25.5x13,1
3168,36x26.5,1
3169,28.5x35.5,1
3170,30x40.5,1
3171,20.5x15.5,8
3172,20.5x31,7
3173,21.5x29,1
3174,38x15.5,1
3175,38x45.5,1
3176,27.5x19.5,1
3177,27.5x48,1
3178,27.5x15.5,3
3179,18x27,10
3180,16.5x12,10
3181,16.5x24,10
3182,32x27,2
3183,181x12,1
3184,17.5x9.5,3
3185,18.5x10.5,1
3186,18x10.5,9
3187,13.5x19,2
3188,29.5x38,1
3189,35.5x44,1
3190,27.5x20.5,2
3191,28.5x21,3
3192,28.5x42,3
3193,37x28.5,1
3194,37x57,1
3195,28x39,2
3196,17x22,7
3197,17.5x11.5,9
3198,17.5x23,5
3199,46x28,1
3200,46x56,1
3201,19x26,5
3202,27x25,1
3203,22x14.4,1
3204,20x13.5,13
3205,15x11,2
3206,15.5x7.5,2
3207,15.5x15,1
3208,20.5x16,6
3209,20.5x32,4
3210,22.5x16.5,2
3211,22.5x33,2
3212,18x11,22
3213,19x27,5
3214,19x12.5,5
3215,19x37,2
3216,20.5x11.5,2
3217,20.5x23,2
3218,24x25,1
3219,23x26,3
3220,15.5x9,5
3221,21.5x16.5,3
3222,24.5x17,4
3223,24.5x34,3
3224,15x9.5,4
3225,15x19,1
3226,25x14,7
3227,21x12.5,3
3228,26.5x11.5,1
3229,16.5x20,5
3230,20x16,2
3231,20x32,3
3232,18x12.5,19
3233,18x25,10
3234,18x15.5,2
3235,18x31,2
3236,37x25,2
3237,37x50,2
3238,15.5x10,20
3239,16x9,4
3240,16x18,2
3241,32.5x25.5,1
3242,32.5x51,1
3243,16.5x8.5,3
3244,16.5x34.5,1
3245,28x39.5,1
3246,39x28,1
3247,39x55.5,1
3248,39x23.5,1
3249,39x46.5,1
3250,21x19,1
3251,24.5x60,1
3252,18x19,2
3253,36x23.5,1
3254,11x9,2
3255,11x18,1
3256,11.5x8,1
3257,11.5x16,1
3258,15x9,3
3259,30.5x30.5,1
3260,25x38.5,1
3261,29.5x40,1
3262,18.5x12.5,5
3263,30x38,1
3264,24.5x36.5,1
3265,27x16,6
3266,27x31.5,1
3267,27x24.5,2
3268,26.5x19.5,2
3269,26.5x39,2
3270,40.5x21.5,1
3271,31x47,2
3272,12.5x15.5,1
3273,12.5x28.5,1
3274,32x33,1
3275,32x44,2
3276,28x46,1
3277,36x55.5,1
3278,28x37,2
3279,14x23,1
3280,14x46,1
3281,36x44,1
3282,28.5x46,1
3283,35.5x24.5,1
3284,22.5x14.5,7
3285,28x28.5,1
3286,25x9.5,1
3287,22x15.5,6
3288,26.5x34.5,1
3289,34x45,1
3290,16.5x9,4
3291,16.5x18,3
3292,13x9,1
3293,13x16.5,1
3294,13.5x8,3
3295,15.5x20,15
3296,29.5x18,1
3297,34x22,8
3298,14x9.5,1
3299,14x19,1
3300,19x24,11
3301,19x48,2
3302,22.5x29,4
3303,31x49,1
3304,26.5x15,11
3305,26.5x30,11
3306,14x9,8
3307,14x18,5
3308,18x45,1
3309,16.5x11.5,17
3310,16.5x23,11
3311,17.5x10,5
3312,17.5x20,3
3313,28.5x17,2
3314,28.5x34,1
3315,27x18.5,4
3316,27x37,4
3317,16.5x12.5,1
3318,16.5x25,1
3319,21.5x17,3
3320,21.5x34,3
3321,16x11.5,9
3322,16x23,9
3323,21.5x11.5,1
3324,21.5x23,1
3325,31x28,1
3326,17x10.5,4
3327,17x21,2
3328,16.5x13,3
3329,16.5x26,3
3330,41x30,1
3331,15x13,2
3332,15x26,2
3333,16x13,2
3334,22x30,3
3335,23x43.5,1
3336,20x10.5,2
3337,23.5x17,2
3338,23.5x34,2
3339,24x18,7
3340,24x36,7
3341,20x22.5,1
3342,21.5x36,2
3343,15.5x11.5,1
3344,15.5x23,2
3345,18.5x25,3
3346,16.5x10.5,4
3347,17x9,4
3348,21x8,1
3349,25x30,9
3350,18.5x9.5,1
3351,18.5x19,1
3352,15.5x11,5
3353,23.5x15,6
3354,34.5x25,2
3355,17x18,2
3356,17x36,1
3357,19.5x22,1
3358,19x14.5,1
3359,19x29,1
3360,28.5x30,2
3361,17.5x22,3
3362,17.5x44,1
3363,22x56,1
3364,20x10,1
3365,13x10,6
3366,13x20,5
3367,16x12.5,4
3368,16x25,3
3369,21x17,2
3370,21x34,1
3371,26.5x14.5,1
3372,24x11,1
3373,24x21.5,13
3374,21x16.5,2
3375,21x33,2
3376,28.5x16,4
3377,33.5x26,1
3378,33.5x52,1
3379,22.5x12,1
3380,26x34.5,1
3381,33x15,1
3382,33x30,1
3383,18.5x11,6
3384,13x15,2
3385,13x30,1
3386,34x23,45
3387,35x23.5,2
3388,20.5x10.5,1
3389,20.5x21,2
3390,14.5x8,2
3391,17.5x10.5,2
3392,15.5x9.5,3
3393,15.5x21.5,2
3394,34.5x27.5,10
3395,20x12,4
3396,20x24,10
3397,34.5x27,2
3398,17x12.5,1
3399,17x25,2
3400,26.5x40,8
3401,17.5x9,6
3402,46x15,1
3403,12x32.5,1
3404,21.5x15.5,13
3405,28x13,3
3406,28x26,1
3407,25.5x14,5
3408,13.5x8.5,2
3409,18x22.5,1
3410,15.5x18,2
3411,21.5x31,4
3412,12x30,1
3413,16x21,2
3414,43x32,1
3415,43x64,1
3416,15x25,2
3417,17.5x13.5,2
3418,17.5x27,1
3419,66x23,1
3420,21.5x10,1
3421,19.5x27.5,1
3422,14x8,3
3423,8x14,1
3424,14x17.5,1
3425,23x12.5,1
3426,43x58,1
3427,20.5x39,1
3428,29x18.5,1
3429,19.5x28,8
3430,20x11,2
3431,20x22,2
3432,18.5x29,2
3433,22x22,1
3434,22.5x19,1
3435,22.5x38,1
3436,21x16,3
3437,21x32,3
3438,34x50,1
3439,14x13,1
3440,18x14.5,1
3441,26.5x8,1
3442,25.5x11.5,1
3443,25.5x23,1
3444,17x26,1
3445,30.5x26,1
3446,30.5x52,1
3447,18x21,6
3448,25x60,1
3449,38x38,1
3450,35.5x38,12
3451,18.5x22,3
3452,35.5x29.5,1
3453,17.5x16,2
3454,17.5x30.5,1
3455,16x20.5,1
3456,16.5x14,1
3457,16.5x28,1
3458,26x18.5,1
3459,26x37,1
3460,18x20.5,4
3461,15x18.5,2
3462,11.5x7.5,2
3463,11.5x15,2
3464,26x52,1
3465,24.5x35.5,1
3466,22.5x33.5,1
3467,18x24.5,1
3468,23.5x14,10
3469,23.5x28.5,1
3470,15x20.5,2
3471,18.5x14,2
3472,15x18,2
3473,22.5x32,1
3474,24x28,1
3475,26x24,1
3476,20x28.5,1
3477,15x37,2
3478,23.5x30,2
3479,25x28,1
3480,25x14.5,1
3481,13.5x10,3
3482,13.5x20,2
3483,31x36,1
3484,20x11.5,1
3485,25.5x14.5,1
3486,14x20,5
3487,14x40,1
3488,37.5x22.5,1
3489,23.5x14.5,3
3490,10.5x24,1
3491,16.4x23,1
3492,19.5x15.5,2
3493,19.5x31,2
3494,28x33.5,1
3495,28x67,1
3496,18.5x23.5,1
3497,15.5x20.5,1
3498,23x27.5,1
3499,15x12,8
3500,15x24,7
3501,21.5x30.5,1
3502,34x15.5,1
3503,29x13,1
3504,29x26,1
3505,34x27.5,1
3506,14.5x9.5,6
3507,40x30.5,1
3508,40x61,1
3509,17.5x14,9
3510,17.5x28,9
3511,11.5x9,2
3512,11.5x18,1
3513,37x19,2
3514,37x38,2
3515,26.5x38,1
3516,15x27,1
3517,31.5x17,2
3518,30x34,1
3519,19.5x13.5,1
3520,19.5x27,1
3521,15x20,2
3522,21.5x12.5,1
3523,18x41,3
3524,33x58.5,1
3525,23x10,2
3526,23x10.5,1
3527,23x21,2
3528,17x8.5,2
3529,23x11.5,2
3530,23x23,2
3531,28.5x24.5,1
3532,28.5x29,1
3533,8.5x14.5,1
3534,14x15.5,1
3535,36x15.5,1
3536,25.5x37,3
3537,15.5x10.5,4
3538,15.5x21,2
3539,16.5x27,2
3540,10.5x12.5,1
3541,19x20,1
3542,22.5x36,3
3543,14x16,1
3544,16.5x17,1
3545,26.5x33,4
3546,26.5x66,1
3547,22x19,1
3548,22x38,1
3549,36x24.5,1
3550,36x49,1
3551,35.5x19.5,50
3552,35.5x39,50
3553,27x30.5,3
3554,22.5x18,1
3555,36.5x19,1
3556,36.5x38,1
3557,21x32.5,1
3558,26.5x15.5,31
3559,33x18.5,23
3560,32.5x14.5,3
3561,37.5x18,1
3562,127x17,1
3563,27x34,4
3564,19.5x26,2
3565,36x19,4
3566,36x38,1
3567,17x14.5,1
3568,17x29,1
3569,12.5x19,1
3570,38x25,1
3571,28.5x20.5,1
3572,28.5x41,1
3573,26x14,4
3574,31x19.5,10
3575,31x39,10
3576,27.5x34,8
3577,24x38,2
3578,27.5x17.5,5
3579,27.5x35,4
3580,21.5x11,3
3581,33x13,1
3582,26.5x31,11
3583,28.5x17.5,4
3584,23.5x21.5,4
3585,24.5x22,1
3586,24.5x44,1
3587,17x10,2
3588,20x25.5,1
3589,7.5x11,1
3590,12.5x10,4
3591,12.5x20,4
3592,43x29,1
3593,31.5x13.5,2
3594,33.5x17.5,1
3595,31x13.5,6
3596,28.5x13.5,2
3597,26.6x41,1
3598,33x17.5,4
3599,13x10.5,3
3600,13x21,3
3601,53x21.5,1
3602,54x21.5,4
3603,27.5x31,2
3604,54.5x21.5,1
3605,22.5x17.5,1
3606,22.5x35,1
3607,35.5x47,1
3608,13x20.5,3
3609,27x15.5,2
3610,14.5x7,2
3611,31.5x28,1
3612,16x20,4
3613,16.5x9.5,1
3614,20x27,4
3615,17x20,2
3616,17x40,1
3617,23.5x10,1
3618,23.5x20,1
3619,12.5x9,2
3620,12.5x18,2
3621,27x14,2
3622,14x17,2
3623,19x9.5,2
3624,19x19,2
3625,14.5x21,1
3626,19.5x10,1
3627,19.5x20,1
3628,14.5x12,1
3629,14.5x24,1
3630,8x11,1
3631,21x10.5,2
3632,21x52,1
3633,24x20.5,1
3634,24x41,1
3635,13x7.5,1
3636,28.5 x 18,1
3637,23 x 14,1
3638,22 x 13.5,1
3639,30.5x18.5,1
3640,30.5x37,1
3641,36.5x46,1
3642,13.5x9,1
3643,25x63,1
3644,15x13.5,1
3645,13.5x7.5,1
3646,8.5x6,1
3647,34x44,5
3648,36x18.5,10
3649,27x16.5,5
3650,43.5x23,1
3651,28.5x35,3
3652,31.5x14,1
3653,24x13.5,2
3654,17.5x15,1
3655,17.5x30,1
3656,17.5x21,1
3657,17.5x42,1
3658,14.5x10,1
3659,41x14,1
3660,13.5x18,1
3661,13.5x36,1
3662,25.5x28,1
3663,19.5x9,1
3664,19.5x18,1
3665,38x15,2
3666,15.5x46,1
3667,19.5x30,1
3668,23.5x19,1
3669,23.5x38,1
3670,31x11,1
3671,18.5x28,1
3672,43x23,2
3673,34.5x22,2
3674,34.5x44,2
3675,35.5x18.5,6
3676,26x13,1
3677,26x26,1
3678,28x13.5,4
3679,28x66,4
3680,26.5x35,1
3681,30.5x17,3
3682,46x33,1
3683,46x66,1
3684,32x18,1
3685,36x17,1
3686,26x33,3
3687,25.5x31.5,1
3688,25.5x63,1
3689,23.5x13.5,1
3690,12.5x16.5,1
3691,12.5x33,1
3692,20x61,1
3693,26.5x13.5,1
3694,26.5x32,1
3695,23.5x12.5,1
3696,24x9.5,1
3697,56 x 69,1
3698,28x18.5,1
3699,28x23.5,2
3700,30x15.5,1
3701,30x31,1
3702,36x17.5,1
3703,35x23,1
3704,27x32,2
3705,24x11.5,1
3706,23.5x29,1
3707,18.5x15.5,2
3708,18.5x31,2
3709,16x13.5,1
3710,23.5x28,2
3711,20.5x29,2
3712,26x36.5,1
3713,20x18.5,1
3714,20x37,1
3715,14.5x20,1
3716,24x37,1
3717,13.5x14,1
3718,13.5x28,1
3719,17.5x8.5,1
3720,36x12,1
3721,35x22,1
3722,15.5x22,3
3723,17.5x8,1
3724,23x12,1
3725,23x24,1
3726,14.5x17,1
3727,14.5x34,1
3728,13x9.5,1
3729,13x19,1
3730,16.5x34,1
3731,17.5x20.5,1
3732,17.5x41,1
3733,20.5x42,1
3734,15.5x44,1
3735,14.5x19,1
3736,25x13.5,1
3737,25x27,1
3738,33x10,1
3739,10x6.5,1
3740,54x15.5,1
3741,23.5x17.5,1
3742,23.5x35,1
3743,15.5x13,1
3744,15.5x26,1
3745,19.5x11.5,1
3746,12.5x7.5,1
